config	reader	node	pattern	path	offset	length
B1_1	0	0	seq	/sdf/data/lcls/drpsrcf/ffb/mfx/mfx101210926/xtc/mfx101210926-r0387-s006-c000.xtc2	0	16106127360
B1_8	0	0	seq	/sdf/data/lcls/drpsrcf/ffb/mfx/mfx101210926/xtc/mfx101210926-r0387-s008-c000.xtc2	0	16106127360
B1_8	1	0	seq	/sdf/data/lcls/drpsrcf/ffb/mfx/mfx101210926/xtc/mfx101210926-r0387-s009-c000.xtc2	0	16106127360
B1_8	2	0	seq	/sdf/data/lcls/drpsrcf/ffb/mfx/mfx101210926/xtc/mfx101210926-r0387-s006-c000.xtc2	16106127360	16106127360
B1_8	3	0	seq	/sdf/data/lcls/drpsrcf/ffb/mfx/mfx101210926/xtc/mfx101210926-r0387-s008-c000.xtc2	16106127360	16106127360
B1_8	4	0	seq	/sdf/data/lcls/drpsrcf/ffb/mfx/mfx101210926/xtc/mfx101210926-r0387-s009-c000.xtc2	16106127360	16106127360
B1_8	5	0	seq	/sdf/data/lcls/drpsrcf/ffb/mfx/mfx101210926/xtc/mfx101210926-r0387-s006-c000.xtc2	32212254720	16106127360
B1_8	6	0	seq	/sdf/data/lcls/drpsrcf/ffb/mfx/mfx101210926/xtc/mfx101210926-r0387-s008-c000.xtc2	32212254720	16106127360
B1_8	7	0	seq	/sdf/data/lcls/drpsrcf/ffb/mfx/mfx101210926/xtc/mfx101210926-r0387-s009-c000.xtc2	32212254720	16106127360
B1_32	0	0	seq	/sdf/data/lcls/drpsrcf/ffb/mfx/mfx101210926/xtc/mfx101210926-r0387-s005-c000.xtc2	0	8053063680
B1_32	1	0	seq	/sdf/data/lcls/drpsrcf/ffb/mfx/mfx101210926/xtc/mfx101210926-r0387-s006-c000.xtc2	48318382080	8053063680
B1_32	2	0	seq	/sdf/data/lcls/drpsrcf/ffb/mfx/mfx101210926/xtc/mfx101210926-r0387-s008-c000.xtc2	48318382080	8053063680
B1_32	3	0	seq	/sdf/data/lcls/drpsrcf/ffb/mfx/mfx101210926/xtc/mfx101210926-r0387-s009-c000.xtc2	48318382080	8053063680
B1_32	4	0	seq	/sdf/data/lcls/drpsrcf/ffb/mfx/mfx101210926/xtc/mfx101210926-r0387-s005-c000.xtc2	8053063680	8053063680
B1_32	5	0	seq	/sdf/data/lcls/drpsrcf/ffb/mfx/mfx101210926/xtc/mfx101210926-r0387-s006-c000.xtc2	56371445760	8053063680
B1_32	6	0	seq	/sdf/data/lcls/drpsrcf/ffb/mfx/mfx101210926/xtc/mfx101210926-r0387-s008-c000.xtc2	56371445760	8053063680
B1_32	7	0	seq	/sdf/data/lcls/drpsrcf/ffb/mfx/mfx101210926/xtc/mfx101210926-r0387-s009-c000.xtc2	56371445760	8053063680
B1_32	8	0	seq	/sdf/data/lcls/drpsrcf/ffb/mfx/mfx101210926/xtc/mfx101210926-r0387-s005-c000.xtc2	16106127360	8053063680
B1_32	9	0	seq	/sdf/data/lcls/drpsrcf/ffb/mfx/mfx101210926/xtc/mfx101210926-r0387-s006-c000.xtc2	64424509440	8053063680
B1_32	10	0	seq	/sdf/data/lcls/drpsrcf/ffb/mfx/mfx101210926/xtc/mfx101210926-r0387-s008-c000.xtc2	64424509440	8053063680
B1_32	11	0	seq	/sdf/data/lcls/drpsrcf/ffb/mfx/mfx101210926/xtc/mfx101210926-r0387-s009-c000.xtc2	64424509440	8053063680
B1_32	12	0	seq	/sdf/data/lcls/drpsrcf/ffb/mfx/mfx101210926/xtc/mfx101210926-r0387-s005-c000.xtc2	24159191040	8053063680
B1_32	13	0	seq	/sdf/data/lcls/drpsrcf/ffb/mfx/mfx101210926/xtc/mfx101210926-r0387-s006-c000.xtc2	72477573120	8053063680
B1_32	14	0	seq	/sdf/data/lcls/drpsrcf/ffb/mfx/mfx101210926/xtc/mfx101210926-r0387-s008-c000.xtc2	72477573120	8053063680
B1_32	15	0	seq	/sdf/data/lcls/drpsrcf/ffb/mfx/mfx101210926/xtc/mfx101210926-r0387-s009-c000.xtc2	72477573120	8053063680
B1_32	16	0	seq	/sdf/data/lcls/drpsrcf/ffb/mfx/mfx101210926/xtc/mfx101210926-r0387-s005-c000.xtc2	32212254720	8053063680
B1_32	17	0	seq	/sdf/data/lcls/drpsrcf/ffb/mfx/mfx101210926/xtc/mfx101210926-r0387-s006-c000.xtc2	80530636800	8053063680
B1_32	18	0	seq	/sdf/data/lcls/drpsrcf/ffb/mfx/mfx101210926/xtc/mfx101210926-r0387-s008-c000.xtc2	80530636800	8053063680
B1_32	19	0	seq	/sdf/data/lcls/drpsrcf/ffb/mfx/mfx101210926/xtc/mfx101210926-r0387-s009-c000.xtc2	80530636800	8053063680
B1_32	20	0	seq	/sdf/data/lcls/drpsrcf/ffb/mfx/mfx101210926/xtc/mfx101210926-r0387-s005-c000.xtc2	40265318400	8053063680
B1_32	21	0	seq	/sdf/data/lcls/drpsrcf/ffb/mfx/mfx101210926/xtc/mfx101210926-r0387-s007-c000.xtc2	0	8053063680
B1_32	22	0	seq	/sdf/data/lcls/drpsrcf/ffb/mfx/mfx101210926/xtc/mfx101210926-r0387-s006-c000.xtc2	88583700480	8053063680
B1_32	23	0	seq	/sdf/data/lcls/drpsrcf/ffb/mfx/mfx101210926/xtc/mfx101210926-r0387-s008-c000.xtc2	88583700480	8053063680
B1_32	24	0	seq	/sdf/data/lcls/drpsrcf/ffb/mfx/mfx101210926/xtc/mfx101210926-r0387-s009-c000.xtc2	88583700480	8053063680
B1_32	25	0	seq	/sdf/data/lcls/drpsrcf/ffb/mfx/mfx101210926/xtc/mfx101210926-r0387-s005-c000.xtc2	48318382080	8053063680
B1_32	26	0	seq	/sdf/data/lcls/drpsrcf/ffb/mfx/mfx101210926/xtc/mfx101210926-r0387-s007-c000.xtc2	8053063680	8053063680
B1_32	27	0	seq	/sdf/data/lcls/drpsrcf/ffb/mfx/mfx101210926/xtc/mfx101210926-r0387-s006-c000.xtc2	96636764160	8053063680
B1_32	28	0	seq	/sdf/data/lcls/drpsrcf/ffb/mfx/mfx101210926/xtc/mfx101210926-r0387-s008-c000.xtc2	96636764160	8053063680
B1_32	29	0	seq	/sdf/data/lcls/drpsrcf/ffb/mfx/mfx101210926/xtc/mfx101210926-r0387-s009-c000.xtc2	96636764160	8053063680
B1_32	30	0	seq	/sdf/data/lcls/drpsrcf/ffb/mfx/mfx101210926/xtc/mfx101210926-r0387-s005-c000.xtc2	56371445760	8053063680
B1_32	31	0	seq	/sdf/data/lcls/drpsrcf/ffb/mfx/mfx101210926/xtc/mfx101210926-r0387-s007-c000.xtc2	16106127360	8053063680
B2_2n	0	0	seq	/sdf/data/lcls/drpsrcf/ffb/mfx/mfx101210926/xtc/mfx101210926-r0387-s006-c000.xtc2	104689827840	8053063680
B2_2n	1	0	seq	/sdf/data/lcls/drpsrcf/ffb/mfx/mfx101210926/xtc/mfx101210926-r0387-s008-c000.xtc2	104689827840	8053063680
B2_2n	2	0	seq	/sdf/data/lcls/drpsrcf/ffb/mfx/mfx101210926/xtc/mfx101210926-r0387-s009-c000.xtc2	104689827840	8053063680
B2_2n	3	0	seq	/sdf/data/lcls/drpsrcf/ffb/mfx/mfx101210926/xtc/mfx101210926-r0387-s005-c000.xtc2	64424509440	8053063680
B2_2n	4	0	seq	/sdf/data/lcls/drpsrcf/ffb/mfx/mfx101210926/xtc/mfx101210926-r0387-s007-c000.xtc2	24159191040	8053063680
B2_2n	5	0	seq	/sdf/data/lcls/drpsrcf/ffb/mfx/mfx101210926/xtc/mfx101210926-r0387-s006-c000.xtc2	112742891520	8053063680
B2_2n	6	0	seq	/sdf/data/lcls/drpsrcf/ffb/mfx/mfx101210926/xtc/mfx101210926-r0387-s008-c000.xtc2	112742891520	8053063680
B2_2n	7	0	seq	/sdf/data/lcls/drpsrcf/ffb/mfx/mfx101210926/xtc/mfx101210926-r0387-s009-c000.xtc2	112742891520	8053063680
B2_2n	8	0	seq	/sdf/data/lcls/drpsrcf/ffb/mfx/mfx101210926/xtc/mfx101210926-r0387-s005-c000.xtc2	72477573120	8053063680
B2_2n	9	0	seq	/sdf/data/lcls/drpsrcf/ffb/mfx/mfx101210926/xtc/mfx101210926-r0387-s007-c000.xtc2	32212254720	8053063680
B2_2n	10	0	seq	/sdf/data/lcls/drpsrcf/ffb/mfx/mfx101210926/xtc/mfx101210926-r0387-s006-c000.xtc2	120795955200	8053063680
B2_2n	11	0	seq	/sdf/data/lcls/drpsrcf/ffb/mfx/mfx101210926/xtc/mfx101210926-r0387-s008-c000.xtc2	120795955200	8053063680
B2_2n	12	0	seq	/sdf/data/lcls/drpsrcf/ffb/mfx/mfx101210926/xtc/mfx101210926-r0387-s009-c000.xtc2	120795955200	8053063680
B2_2n	13	0	seq	/sdf/data/lcls/drpsrcf/ffb/mfx/mfx101210926/xtc/mfx101210926-r0387-s005-c000.xtc2	80530636800	8053063680
B2_2n	14	0	seq	/sdf/data/lcls/drpsrcf/ffb/mfx/mfx101210926/xtc/mfx101210926-r0387-s007-c000.xtc2	40265318400	8053063680
B2_2n	15	0	seq	/sdf/data/lcls/drpsrcf/ffb/mfx/mfx101210926/xtc/mfx101210926-r0387-s006-c000.xtc2	128849018880	8053063680
B2_2n	16	1	seq	/sdf/data/lcls/drpsrcf/ffb/mfx/mfx101210926/xtc/mfx101210926-r0387-s008-c000.xtc2	128849018880	8053063680
B2_2n	17	1	seq	/sdf/data/lcls/drpsrcf/ffb/mfx/mfx101210926/xtc/mfx101210926-r0387-s009-c000.xtc2	128849018880	8053063680
B2_2n	18	1	seq	/sdf/data/lcls/drpsrcf/ffb/mfx/mfx101210926/xtc/mfx101210926-r0387-s005-c000.xtc2	88583700480	8053063680
B2_2n	19	1	seq	/sdf/data/lcls/drpsrcf/ffb/mfx/mfx101210926/xtc/mfx101210926-r0387-s007-c000.xtc2	48318382080	8053063680
B2_2n	20	1	seq	/sdf/data/lcls/drpsrcf/ffb/mfx/mfx101210926/xtc/mfx101210926-r0387-s006-c000.xtc2	136902082560	8053063680
B2_2n	21	1	seq	/sdf/data/lcls/drpsrcf/ffb/mfx/mfx101210926/xtc/mfx101210926-r0387-s008-c000.xtc2	136902082560	8053063680
B2_2n	22	1	seq	/sdf/data/lcls/drpsrcf/ffb/mfx/mfx101210926/xtc/mfx101210926-r0387-s009-c000.xtc2	136902082560	8053063680
B2_2n	23	1	seq	/sdf/data/lcls/drpsrcf/ffb/mfx/mfx101210926/xtc/mfx101210926-r0387-s005-c000.xtc2	96636764160	8053063680
B2_2n	24	1	seq	/sdf/data/lcls/drpsrcf/ffb/mfx/mfx101210926/xtc/mfx101210926-r0387-s007-c000.xtc2	56371445760	8053063680
B2_2n	25	1	seq	/sdf/data/lcls/drpsrcf/ffb/mfx/mfx101210926/xtc/mfx101210926-r0387-s006-c000.xtc2	144955146240	8053063680
B2_2n	26	1	seq	/sdf/data/lcls/drpsrcf/ffb/mfx/mfx101210926/xtc/mfx101210926-r0387-s008-c000.xtc2	144955146240	8053063680
B2_2n	27	1	seq	/sdf/data/lcls/drpsrcf/ffb/mfx/mfx101210926/xtc/mfx101210926-r0387-s009-c000.xtc2	144955146240	8053063680
B2_2n	28	1	seq	/sdf/data/lcls/drpsrcf/ffb/mfx/mfx101210926/xtc/mfx101210926-r0387-s005-c000.xtc2	104689827840	8053063680
B2_2n	29	1	seq	/sdf/data/lcls/drpsrcf/ffb/mfx/mfx101210926/xtc/mfx101210926-r0387-s007-c000.xtc2	64424509440	8053063680
B2_2n	30	1	seq	/sdf/data/lcls/drpsrcf/ffb/mfx/mfx101210926/xtc/mfx101210926-r0387-s006-c000.xtc2	153008209920	8053063680
B2_2n	31	1	seq	/sdf/data/lcls/drpsrcf/ffb/mfx/mfx101210926/xtc/mfx101210926-r0387-s008-c000.xtc2	153008209920	8053063680
B2_4n	0	0	seq	/sdf/data/lcls/drpsrcf/ffb/mfx/mfx101210926/xtc/mfx101210926-r0387-s009-c000.xtc2	153008209920	8053063680
B2_4n	1	0	seq	/sdf/data/lcls/drpsrcf/ffb/mfx/mfx101210926/xtc/mfx101210926-r0387-s005-c000.xtc2	112742891520	8053063680
B2_4n	2	0	seq	/sdf/data/lcls/drpsrcf/ffb/mfx/mfx101210926/xtc/mfx101210926-r0387-s007-c000.xtc2	72477573120	8053063680
B2_4n	3	0	seq	/sdf/data/lcls/drpsrcf/ffb/mfx/mfx101210926/xtc/mfx101210926-r0387-s006-c000.xtc2	161061273600	8053063680
B2_4n	4	0	seq	/sdf/data/lcls/drpsrcf/ffb/mfx/mfx101210926/xtc/mfx101210926-r0387-s008-c000.xtc2	161061273600	8053063680
B2_4n	5	0	seq	/sdf/data/lcls/drpsrcf/ffb/mfx/mfx101210926/xtc/mfx101210926-r0387-s009-c000.xtc2	161061273600	8053063680
B2_4n	6	0	seq	/sdf/data/lcls/drpsrcf/ffb/mfx/mfx101210926/xtc/mfx101210926-r0387-s005-c000.xtc2	120795955200	8053063680
B2_4n	7	0	seq	/sdf/data/lcls/drpsrcf/ffb/mfx/mfx101210926/xtc/mfx101210926-r0387-s007-c000.xtc2	80530636800	8053063680
B2_4n	8	1	seq	/sdf/data/lcls/drpsrcf/ffb/mfx/mfx101210926/xtc/mfx101210926-r0387-s006-c000.xtc2	169114337280	8053063680
B2_4n	9	1	seq	/sdf/data/lcls/drpsrcf/ffb/mfx/mfx101210926/xtc/mfx101210926-r0387-s008-c000.xtc2	169114337280	8053063680
B2_4n	10	1	seq	/sdf/data/lcls/drpsrcf/ffb/mfx/mfx101210926/xtc/mfx101210926-r0387-s009-c000.xtc2	169114337280	8053063680
B2_4n	11	1	seq	/sdf/data/lcls/drpsrcf/ffb/mfx/mfx101210926/xtc/mfx101210926-r0387-s005-c000.xtc2	128849018880	8053063680
B2_4n	12	1	seq	/sdf/data/lcls/drpsrcf/ffb/mfx/mfx101210926/xtc/mfx101210926-r0387-s007-c000.xtc2	88583700480	8053063680
B2_4n	13	1	seq	/sdf/data/lcls/drpsrcf/ffb/mfx/mfx101210926/xtc/mfx101210926-r0387-s006-c000.xtc2	177167400960	8053063680
B2_4n	14	1	seq	/sdf/data/lcls/drpsrcf/ffb/mfx/mfx101210926/xtc/mfx101210926-r0387-s008-c000.xtc2	177167400960	8053063680
B2_4n	15	1	seq	/sdf/data/lcls/drpsrcf/ffb/mfx/mfx101210926/xtc/mfx101210926-r0387-s009-c000.xtc2	177167400960	8053063680
B2_4n	16	2	seq	/sdf/data/lcls/drpsrcf/ffb/mfx/mfx101210926/xtc/mfx101210926-r0387-s005-c000.xtc2	136902082560	8053063680
B2_4n	17	2	seq	/sdf/data/lcls/drpsrcf/ffb/mfx/mfx101210926/xtc/mfx101210926-r0387-s007-c000.xtc2	96636764160	8053063680
B2_4n	18	2	seq	/sdf/data/lcls/drpsrcf/ffb/mfx/mfx101210926/xtc/mfx101210926-r0387-s006-c000.xtc2	185220464640	8053063680
B2_4n	19	2	seq	/sdf/data/lcls/drpsrcf/ffb/mfx/mfx101210926/xtc/mfx101210926-r0387-s008-c000.xtc2	185220464640	8053063680
B2_4n	20	2	seq	/sdf/data/lcls/drpsrcf/ffb/mfx/mfx101210926/xtc/mfx101210926-r0387-s009-c000.xtc2	185220464640	8053063680
B2_4n	21	2	seq	/sdf/data/lcls/drpsrcf/ffb/mfx/mfx101210926/xtc/mfx101210926-r0387-s005-c000.xtc2	144955146240	8053063680
B2_4n	22	2	seq	/sdf/data/lcls/drpsrcf/ffb/mfx/mfx101210926/xtc/mfx101210926-r0387-s007-c000.xtc2	104689827840	8053063680
B2_4n	23	2	seq	/sdf/data/lcls/drpsrcf/ffb/mfx/mfx101210926/xtc/mfx101210926-r0387-s006-c000.xtc2	193273528320	8053063680
B2_4n	24	3	seq	/sdf/data/lcls/drpsrcf/ffb/mfx/mfx101210926/xtc/mfx101210926-r0387-s008-c000.xtc2	193273528320	8053063680
B2_4n	25	3	seq	/sdf/data/lcls/drpsrcf/ffb/mfx/mfx101210926/xtc/mfx101210926-r0387-s009-c000.xtc2	193273528320	8053063680
B2_4n	26	3	seq	/sdf/data/lcls/drpsrcf/ffb/mfx/mfx101210926/xtc/mfx101210926-r0387-s005-c000.xtc2	153008209920	8053063680
B2_4n	27	3	seq	/sdf/data/lcls/drpsrcf/ffb/mfx/mfx101210926/xtc/mfx101210926-r0387-s007-c000.xtc2	112742891520	8053063680
B2_4n	28	3	seq	/sdf/data/lcls/drpsrcf/ffb/mfx/mfx101210926/xtc/mfx101210926-r0387-s006-c000.xtc2	201326592000	8053063680
B2_4n	29	3	seq	/sdf/data/lcls/drpsrcf/ffb/mfx/mfx101210926/xtc/mfx101210926-r0387-s008-c000.xtc2	201326592000	8053063680
B2_4n	30	3	seq	/sdf/data/lcls/drpsrcf/ffb/mfx/mfx101210926/xtc/mfx101210926-r0387-s009-c000.xtc2	201326592000	8053063680
B2_4n	31	3	seq	/sdf/data/lcls/drpsrcf/ffb/mfx/mfx101210926/xtc/mfx101210926-r0387-s005-c000.xtc2	161061273600	8053063680
B3_rand	0	0	rand	/sdf/data/lcls/drpsrcf/ffb/mfx/mfx101210926/xtc/mfx101210926-r0387-s007-c000.xtc2	120795955200	8053063680
B3_rand	1	0	rand	/sdf/data/lcls/drpsrcf/ffb/mfx/mfx101210926/xtc/mfx101210926-r0387-s006-c000.xtc2	209379655680	8053063680
B3_rand	2	0	rand	/sdf/data/lcls/drpsrcf/ffb/mfx/mfx101210926/xtc/mfx101210926-r0387-s008-c000.xtc2	209379655680	8053063680
B3_rand	3	0	rand	/sdf/data/lcls/drpsrcf/ffb/mfx/mfx101210926/xtc/mfx101210926-r0387-s009-c000.xtc2	209379655680	8053063680
B3_rand	4	0	rand	/sdf/data/lcls/drpsrcf/ffb/mfx/mfx101210926/xtc/mfx101210926-r0387-s005-c000.xtc2	169114337280	8053063680
B3_rand	5	0	rand	/sdf/data/lcls/drpsrcf/ffb/mfx/mfx101210926/xtc/mfx101210926-r0387-s003-c000.xtc2	0	8053063680
B3_rand	6	0	rand	/sdf/data/lcls/drpsrcf/ffb/mfx/mfx101210926/xtc/mfx101210926-r0387-s007-c000.xtc2	128849018880	8053063680
B3_rand	7	0	rand	/sdf/data/lcls/drpsrcf/ffb/mfx/mfx101210926/xtc/mfx101210926-r0387-s006-c000.xtc2	217432719360	8053063680
B3_rand	8	0	rand	/sdf/data/lcls/drpsrcf/ffb/mfx/mfx101210926/xtc/mfx101210926-r0387-s008-c000.xtc2	217432719360	8053063680
B3_rand	9	0	rand	/sdf/data/lcls/drpsrcf/ffb/mfx/mfx101210926/xtc/mfx101210926-r0387-s009-c000.xtc2	217432719360	8053063680
B3_rand	10	0	rand	/sdf/data/lcls/drpsrcf/ffb/mfx/mfx101210926/xtc/mfx101210926-r0387-s005-c000.xtc2	177167400960	8053063680
B3_rand	11	0	rand	/sdf/data/lcls/drpsrcf/ffb/mfx/mfx101210926/xtc/mfx101210926-r0387-s003-c000.xtc2	8053063680	8053063680
B3_rand	12	0	rand	/sdf/data/lcls/drpsrcf/ffb/mfx/mfx101210926/xtc/mfx101210926-r0387-s007-c000.xtc2	136902082560	8053063680
B3_rand	13	0	rand	/sdf/data/lcls/drpsrcf/ffb/mfx/mfx101210926/xtc/mfx101210926-r0387-s006-c000.xtc2	225485783040	8053063680
B3_rand	14	0	rand	/sdf/data/lcls/drpsrcf/ffb/mfx/mfx101210926/xtc/mfx101210926-r0387-s008-c000.xtc2	225485783040	8053063680
B3_rand	15	0	rand	/sdf/data/lcls/drpsrcf/ffb/mfx/mfx101210926/xtc/mfx101210926-r0387-s009-c000.xtc2	225485783040	8053063680
B3_rand	16	0	rand	/sdf/data/lcls/drpsrcf/ffb/mfx/mfx101210926/xtc/mfx101210926-r0387-s005-c000.xtc2	185220464640	8053063680
B3_rand	17	0	rand	/sdf/data/lcls/drpsrcf/ffb/mfx/mfx101210926/xtc/mfx101210926-r0387-s003-c000.xtc2	16106127360	8053063680
B3_rand	18	0	rand	/sdf/data/lcls/drpsrcf/ffb/mfx/mfx101210926/xtc/mfx101210926-r0387-s007-c000.xtc2	144955146240	8053063680
B3_rand	19	0	rand	/sdf/data/lcls/drpsrcf/ffb/mfx/mfx101210926/xtc/mfx101210926-r0387-s006-c000.xtc2	233538846720	8053063680
B3_rand	20	0	rand	/sdf/data/lcls/drpsrcf/ffb/mfx/mfx101210926/xtc/mfx101210926-r0387-s008-c000.xtc2	233538846720	8053063680
B3_rand	21	0	rand	/sdf/data/lcls/drpsrcf/ffb/mfx/mfx101210926/xtc/mfx101210926-r0387-s009-c000.xtc2	233538846720	8053063680
B3_rand	22	0	rand	/sdf/data/lcls/drpsrcf/ffb/mfx/mfx101210926/xtc/mfx101210926-r0387-s005-c000.xtc2	193273528320	8053063680
B3_rand	23	0	rand	/sdf/data/lcls/drpsrcf/ffb/mfx/mfx101210926/xtc/mfx101210926-r0387-s003-c000.xtc2	24159191040	8053063680
B3_rand	24	0	rand	/sdf/data/lcls/drpsrcf/ffb/mfx/mfx101210926/xtc/mfx101210926-r0387-s007-c000.xtc2	153008209920	8053063680
B3_rand	25	0	rand	/sdf/data/lcls/drpsrcf/ffb/mfx/mfx101210926/xtc/mfx101210926-r0387-s006-c000.xtc2	241591910400	8053063680
B3_rand	26	0	rand	/sdf/data/lcls/drpsrcf/ffb/mfx/mfx101210926/xtc/mfx101210926-r0387-s008-c000.xtc2	241591910400	8053063680
B3_rand	27	0	rand	/sdf/data/lcls/drpsrcf/ffb/mfx/mfx101210926/xtc/mfx101210926-r0387-s009-c000.xtc2	241591910400	8053063680
B3_rand	28	0	rand	/sdf/data/lcls/drpsrcf/ffb/mfx/mfx101210926/xtc/mfx101210926-r0387-s005-c000.xtc2	201326592000	8053063680
B3_rand	29	0	rand	/sdf/data/lcls/drpsrcf/ffb/mfx/mfx101210926/xtc/mfx101210926-r0387-s003-c000.xtc2	32212254720	8053063680
B3_rand	30	0	rand	/sdf/data/lcls/drpsrcf/ffb/mfx/mfx101210926/xtc/mfx101210926-r0387-s007-c000.xtc2	161061273600	8053063680
B3_rand	31	0	rand	/sdf/data/lcls/drpsrcf/ffb/mfx/mfx101210926/xtc/mfx101210926-r0387-s006-c000.xtc2	249644974080	8053063680
B4_r387	0	0	seq	/sdf/data/lcls/drpsrcf/ffb/mfx/mfx101210926/xtc/mfx101210926-r0387-s008-c000.xtc2	249644974080	8053063680
B4_r387	1	0	seq	/sdf/data/lcls/drpsrcf/ffb/mfx/mfx101210926/xtc/mfx101210926-r0387-s009-c000.xtc2	249644974080	8053063680
B4_r387	2	0	seq	/sdf/data/lcls/drpsrcf/ffb/mfx/mfx101210926/xtc/mfx101210926-r0387-s005-c000.xtc2	209379655680	8053063680
B4_r387	3	0	seq	/sdf/data/lcls/drpsrcf/ffb/mfx/mfx101210926/xtc/mfx101210926-r0387-s004-c000.xtc2	0	8053063680
B4_r387	4	0	seq	/sdf/data/lcls/drpsrcf/ffb/mfx/mfx101210926/xtc/mfx101210926-r0387-s003-c000.xtc2	40265318400	8053063680
B4_r387	5	0	seq	/sdf/data/lcls/drpsrcf/ffb/mfx/mfx101210926/xtc/mfx101210926-r0387-s007-c000.xtc2	169114337280	8053063680
B4_r387	6	0	seq	/sdf/data/lcls/drpsrcf/ffb/mfx/mfx101210926/xtc/mfx101210926-r0387-s006-c000.xtc2	257698037760	8053063680
B4_r387	7	0	seq	/sdf/data/lcls/drpsrcf/ffb/mfx/mfx101210926/xtc/mfx101210926-r0387-s008-c000.xtc2	257698037760	8053063680
B4_r387	8	0	seq	/sdf/data/lcls/drpsrcf/ffb/mfx/mfx101210926/xtc/mfx101210926-r0387-s009-c000.xtc2	257698037760	8053063680
B4_r387	9	0	seq	/sdf/data/lcls/drpsrcf/ffb/mfx/mfx101210926/xtc/mfx101210926-r0387-s005-c000.xtc2	217432719360	8053063680
B4_r387	10	0	seq	/sdf/data/lcls/drpsrcf/ffb/mfx/mfx101210926/xtc/mfx101210926-r0387-s004-c000.xtc2	8053063680	8053063680
B4_r387	11	0	seq	/sdf/data/lcls/drpsrcf/ffb/mfx/mfx101210926/xtc/mfx101210926-r0387-s003-c000.xtc2	48318382080	8053063680
B4_r387	12	0	seq	/sdf/data/lcls/drpsrcf/ffb/mfx/mfx101210926/xtc/mfx101210926-r0387-s007-c000.xtc2	177167400960	8053063680
B4_r387	13	0	seq	/sdf/data/lcls/drpsrcf/ffb/mfx/mfx101210926/xtc/mfx101210926-r0387-s006-c000.xtc2	265751101440	8053063680
B4_r387	14	0	seq	/sdf/data/lcls/drpsrcf/ffb/mfx/mfx101210926/xtc/mfx101210926-r0387-s008-c000.xtc2	265751101440	8053063680
B4_r387	15	0	seq	/sdf/data/lcls/drpsrcf/ffb/mfx/mfx101210926/xtc/mfx101210926-r0387-s009-c000.xtc2	265751101440	8053063680
B4_r387	16	0	seq	/sdf/data/lcls/drpsrcf/ffb/mfx/mfx101210926/xtc/mfx101210926-r0387-s005-c000.xtc2	225485783040	8053063680
B4_r387	17	0	seq	/sdf/data/lcls/drpsrcf/ffb/mfx/mfx101210926/xtc/mfx101210926-r0387-s004-c000.xtc2	16106127360	8053063680
B4_r387	18	0	seq	/sdf/data/lcls/drpsrcf/ffb/mfx/mfx101210926/xtc/mfx101210926-r0387-s003-c000.xtc2	56371445760	8053063680
B4_r387	19	0	seq	/sdf/data/lcls/drpsrcf/ffb/mfx/mfx101210926/xtc/mfx101210926-r0387-s007-c000.xtc2	185220464640	8053063680
B4_r387	20	0	seq	/sdf/data/lcls/drpsrcf/ffb/mfx/mfx101210926/xtc/mfx101210926-r0387-s006-c000.xtc2	273804165120	8053063680
B4_r387	21	0	seq	/sdf/data/lcls/drpsrcf/ffb/mfx/mfx101210926/xtc/mfx101210926-r0387-s008-c000.xtc2	273804165120	8053063680
B4_r387	22	0	seq	/sdf/data/lcls/drpsrcf/ffb/mfx/mfx101210926/xtc/mfx101210926-r0387-s009-c000.xtc2	273804165120	8053063680
B4_r387	23	0	seq	/sdf/data/lcls/drpsrcf/ffb/mfx/mfx101210926/xtc/mfx101210926-r0387-s005-c000.xtc2	233538846720	8053063680
B4_r387	24	0	seq	/sdf/data/lcls/drpsrcf/ffb/mfx/mfx101210926/xtc/mfx101210926-r0387-s004-c000.xtc2	24159191040	8053063680
B4_r387	25	0	seq	/sdf/data/lcls/drpsrcf/ffb/mfx/mfx101210926/xtc/mfx101210926-r0387-s003-c000.xtc2	64424509440	8053063680
B4_r387	26	0	seq	/sdf/data/lcls/drpsrcf/ffb/mfx/mfx101210926/xtc/mfx101210926-r0387-s007-c000.xtc2	193273528320	8053063680
B4_r387	27	0	seq	/sdf/data/lcls/drpsrcf/ffb/mfx/mfx101210926/xtc/mfx101210926-r0387-s006-c000.xtc2	281857228800	8053063680
B4_r387	28	0	seq	/sdf/data/lcls/drpsrcf/ffb/mfx/mfx101210926/xtc/mfx101210926-r0387-s008-c000.xtc2	281857228800	8053063680
B4_r387	29	0	seq	/sdf/data/lcls/drpsrcf/ffb/mfx/mfx101210926/xtc/mfx101210926-r0387-s009-c000.xtc2	281857228800	8053063680
B4_r387	30	0	seq	/sdf/data/lcls/drpsrcf/ffb/mfx/mfx101210926/xtc/mfx101210926-r0387-s005-c000.xtc2	241591910400	8053063680
B4_r387	31	0	seq	/sdf/data/lcls/drpsrcf/ffb/mfx/mfx101210926/xtc/mfx101210926-r0387-s004-c000.xtc2	32212254720	8053063680
B4_r400	0	0	seq	/sdf/data/lcls/drpsrcf/ffb/mfx/mfx101210926/xtc/mfx101210926-r0400-s006-c000.xtc2	0	8053063680
B4_r400	1	0	seq	/sdf/data/lcls/drpsrcf/ffb/mfx/mfx101210926/xtc/mfx101210926-r0400-s008-c000.xtc2	0	8053063680
B4_r400	2	0	seq	/sdf/data/lcls/drpsrcf/ffb/mfx/mfx101210926/xtc/mfx101210926-r0400-s009-c000.xtc2	0	8053063680
B4_r400	3	0	seq	/sdf/data/lcls/drpsrcf/ffb/mfx/mfx101210926/xtc/mfx101210926-r0400-s006-c000.xtc2	8053063680	8053063680
B4_r400	4	0	seq	/sdf/data/lcls/drpsrcf/ffb/mfx/mfx101210926/xtc/mfx101210926-r0400-s008-c000.xtc2	8053063680	8053063680
B4_r400	5	0	seq	/sdf/data/lcls/drpsrcf/ffb/mfx/mfx101210926/xtc/mfx101210926-r0400-s009-c000.xtc2	8053063680	8053063680
B4_r400	6	0	seq	/sdf/data/lcls/drpsrcf/ffb/mfx/mfx101210926/xtc/mfx101210926-r0400-s006-c000.xtc2	16106127360	8053063680
B4_r400	7	0	seq	/sdf/data/lcls/drpsrcf/ffb/mfx/mfx101210926/xtc/mfx101210926-r0400-s008-c000.xtc2	16106127360	8053063680
B4_r400	8	0	seq	/sdf/data/lcls/drpsrcf/ffb/mfx/mfx101210926/xtc/mfx101210926-r0400-s009-c000.xtc2	16106127360	8053063680
B4_r400	9	0	seq	/sdf/data/lcls/drpsrcf/ffb/mfx/mfx101210926/xtc/mfx101210926-r0400-s006-c000.xtc2	24159191040	8053063680
B4_r400	10	0	seq	/sdf/data/lcls/drpsrcf/ffb/mfx/mfx101210926/xtc/mfx101210926-r0400-s008-c000.xtc2	24159191040	8053063680
B4_r400	11	0	seq	/sdf/data/lcls/drpsrcf/ffb/mfx/mfx101210926/xtc/mfx101210926-r0400-s009-c000.xtc2	24159191040	8053063680
B4_r400	12	0	seq	/sdf/data/lcls/drpsrcf/ffb/mfx/mfx101210926/xtc/mfx101210926-r0400-s006-c000.xtc2	32212254720	8053063680
B4_r400	13	0	seq	/sdf/data/lcls/drpsrcf/ffb/mfx/mfx101210926/xtc/mfx101210926-r0400-s008-c000.xtc2	32212254720	8053063680
B4_r400	14	0	seq	/sdf/data/lcls/drpsrcf/ffb/mfx/mfx101210926/xtc/mfx101210926-r0400-s009-c000.xtc2	32212254720	8053063680
B4_r400	15	0	seq	/sdf/data/lcls/drpsrcf/ffb/mfx/mfx101210926/xtc/mfx101210926-r0400-s006-c000.xtc2	40265318400	8053063680
B4_r400	16	0	seq	/sdf/data/lcls/drpsrcf/ffb/mfx/mfx101210926/xtc/mfx101210926-r0400-s008-c000.xtc2	40265318400	8053063680
B4_r400	17	0	seq	/sdf/data/lcls/drpsrcf/ffb/mfx/mfx101210926/xtc/mfx101210926-r0400-s009-c000.xtc2	40265318400	8053063680
B4_r400	18	0	seq	/sdf/data/lcls/drpsrcf/ffb/mfx/mfx101210926/xtc/mfx101210926-r0400-s005-c000.xtc2	0	8053063680
B4_r400	19	0	seq	/sdf/data/lcls/drpsrcf/ffb/mfx/mfx101210926/xtc/mfx101210926-r0400-s006-c000.xtc2	48318382080	8053063680
B4_r400	20	0	seq	/sdf/data/lcls/drpsrcf/ffb/mfx/mfx101210926/xtc/mfx101210926-r0400-s008-c000.xtc2	48318382080	8053063680
B4_r400	21	0	seq	/sdf/data/lcls/drpsrcf/ffb/mfx/mfx101210926/xtc/mfx101210926-r0400-s009-c000.xtc2	48318382080	8053063680
B4_r400	22	0	seq	/sdf/data/lcls/drpsrcf/ffb/mfx/mfx101210926/xtc/mfx101210926-r0400-s005-c000.xtc2	8053063680	8053063680
B4_r400	23	0	seq	/sdf/data/lcls/drpsrcf/ffb/mfx/mfx101210926/xtc/mfx101210926-r0400-s006-c000.xtc2	56371445760	8053063680
B4_r400	24	0	seq	/sdf/data/lcls/drpsrcf/ffb/mfx/mfx101210926/xtc/mfx101210926-r0400-s008-c000.xtc2	56371445760	8053063680
B4_r400	25	0	seq	/sdf/data/lcls/drpsrcf/ffb/mfx/mfx101210926/xtc/mfx101210926-r0400-s009-c000.xtc2	56371445760	8053063680
B4_r400	26	0	seq	/sdf/data/lcls/drpsrcf/ffb/mfx/mfx101210926/xtc/mfx101210926-r0400-s005-c000.xtc2	16106127360	8053063680
B4_r400	27	0	seq	/sdf/data/lcls/drpsrcf/ffb/mfx/mfx101210926/xtc/mfx101210926-r0400-s006-c000.xtc2	64424509440	8053063680
B4_r400	28	0	seq	/sdf/data/lcls/drpsrcf/ffb/mfx/mfx101210926/xtc/mfx101210926-r0400-s008-c000.xtc2	64424509440	8053063680
B4_r400	29	0	seq	/sdf/data/lcls/drpsrcf/ffb/mfx/mfx101210926/xtc/mfx101210926-r0400-s009-c000.xtc2	64424509440	8053063680
B4_r400	30	0	seq	/sdf/data/lcls/drpsrcf/ffb/mfx/mfx101210926/xtc/mfx101210926-r0400-s005-c000.xtc2	24159191040	8053063680
B4_r400	31	0	seq	/sdf/data/lcls/drpsrcf/ffb/mfx/mfx101210926/xtc/mfx101210926-r0400-s006-c000.xtc2	72477573120	8053063680
B5_2x32	0	0	seq	/sdf/data/lcls/drpsrcf/ffb/mfx/mfx101210926/xtc/mfx101210926-r0400-s008-c000.xtc2	72477573120	8053063680
B5_2x32	1	0	seq	/sdf/data/lcls/drpsrcf/ffb/mfx/mfx101210926/xtc/mfx101210926-r0400-s009-c000.xtc2	72477573120	8053063680
B5_2x32	2	0	seq	/sdf/data/lcls/drpsrcf/ffb/mfx/mfx101210926/xtc/mfx101210926-r0400-s005-c000.xtc2	32212254720	8053063680
B5_2x32	3	0	seq	/sdf/data/lcls/drpsrcf/ffb/mfx/mfx101210926/xtc/mfx101210926-r0400-s006-c000.xtc2	80530636800	8053063680
B5_2x32	4	0	seq	/sdf/data/lcls/drpsrcf/ffb/mfx/mfx101210926/xtc/mfx101210926-r0400-s008-c000.xtc2	80530636800	8053063680
B5_2x32	5	0	seq	/sdf/data/lcls/drpsrcf/ffb/mfx/mfx101210926/xtc/mfx101210926-r0400-s009-c000.xtc2	80530636800	8053063680
B5_2x32	6	0	seq	/sdf/data/lcls/drpsrcf/ffb/mfx/mfx101210926/xtc/mfx101210926-r0400-s005-c000.xtc2	40265318400	8053063680
B5_2x32	7	0	seq	/sdf/data/lcls/drpsrcf/ffb/mfx/mfx101210926/xtc/mfx101210926-r0400-s007-c000.xtc2	0	8053063680
B5_2x32	8	0	seq	/sdf/data/lcls/drpsrcf/ffb/mfx/mfx101210926/xtc/mfx101210926-r0400-s006-c000.xtc2	88583700480	8053063680
B5_2x32	9	0	seq	/sdf/data/lcls/drpsrcf/ffb/mfx/mfx101210926/xtc/mfx101210926-r0400-s008-c000.xtc2	88583700480	8053063680
B5_2x32	10	0	seq	/sdf/data/lcls/drpsrcf/ffb/mfx/mfx101210926/xtc/mfx101210926-r0400-s009-c000.xtc2	88583700480	8053063680
B5_2x32	11	0	seq	/sdf/data/lcls/drpsrcf/ffb/mfx/mfx101210926/xtc/mfx101210926-r0400-s005-c000.xtc2	48318382080	8053063680
B5_2x32	12	0	seq	/sdf/data/lcls/drpsrcf/ffb/mfx/mfx101210926/xtc/mfx101210926-r0400-s007-c000.xtc2	8053063680	8053063680
B5_2x32	13	0	seq	/sdf/data/lcls/drpsrcf/ffb/mfx/mfx101210926/xtc/mfx101210926-r0400-s006-c000.xtc2	96636764160	8053063680
B5_2x32	14	0	seq	/sdf/data/lcls/drpsrcf/ffb/mfx/mfx101210926/xtc/mfx101210926-r0400-s008-c000.xtc2	96636764160	8053063680
B5_2x32	15	0	seq	/sdf/data/lcls/drpsrcf/ffb/mfx/mfx101210926/xtc/mfx101210926-r0400-s009-c000.xtc2	96636764160	8053063680
B5_2x32	16	0	seq	/sdf/data/lcls/drpsrcf/ffb/mfx/mfx101210926/xtc/mfx101210926-r0400-s005-c000.xtc2	56371445760	8053063680
B5_2x32	17	0	seq	/sdf/data/lcls/drpsrcf/ffb/mfx/mfx101210926/xtc/mfx101210926-r0400-s007-c000.xtc2	16106127360	8053063680
B5_2x32	18	0	seq	/sdf/data/lcls/drpsrcf/ffb/mfx/mfx101210926/xtc/mfx101210926-r0400-s006-c000.xtc2	104689827840	8053063680
B5_2x32	19	0	seq	/sdf/data/lcls/drpsrcf/ffb/mfx/mfx101210926/xtc/mfx101210926-r0400-s008-c000.xtc2	104689827840	8053063680
B5_2x32	20	0	seq	/sdf/data/lcls/drpsrcf/ffb/mfx/mfx101210926/xtc/mfx101210926-r0400-s009-c000.xtc2	104689827840	8053063680
B5_2x32	21	0	seq	/sdf/data/lcls/drpsrcf/ffb/mfx/mfx101210926/xtc/mfx101210926-r0400-s005-c000.xtc2	64424509440	8053063680
B5_2x32	22	0	seq	/sdf/data/lcls/drpsrcf/ffb/mfx/mfx101210926/xtc/mfx101210926-r0400-s007-c000.xtc2	24159191040	8053063680
B5_2x32	23	0	seq	/sdf/data/lcls/drpsrcf/ffb/mfx/mfx101210926/xtc/mfx101210926-r0400-s006-c000.xtc2	112742891520	8053063680
B5_2x32	24	0	seq	/sdf/data/lcls/drpsrcf/ffb/mfx/mfx101210926/xtc/mfx101210926-r0400-s008-c000.xtc2	112742891520	8053063680
B5_2x32	25	0	seq	/sdf/data/lcls/drpsrcf/ffb/mfx/mfx101210926/xtc/mfx101210926-r0400-s009-c000.xtc2	112742891520	8053063680
B5_2x32	26	0	seq	/sdf/data/lcls/drpsrcf/ffb/mfx/mfx101210926/xtc/mfx101210926-r0400-s005-c000.xtc2	72477573120	8053063680
B5_2x32	27	0	seq	/sdf/data/lcls/drpsrcf/ffb/mfx/mfx101210926/xtc/mfx101210926-r0400-s007-c000.xtc2	32212254720	8053063680
B5_2x32	28	0	seq	/sdf/data/lcls/drpsrcf/ffb/mfx/mfx101210926/xtc/mfx101210926-r0400-s006-c000.xtc2	120795955200	8053063680
B5_2x32	29	0	seq	/sdf/data/lcls/drpsrcf/ffb/mfx/mfx101210926/xtc/mfx101210926-r0400-s008-c000.xtc2	120795955200	8053063680
B5_2x32	30	0	seq	/sdf/data/lcls/drpsrcf/ffb/mfx/mfx101210926/xtc/mfx101210926-r0400-s009-c000.xtc2	120795955200	8053063680
B5_2x32	31	0	seq	/sdf/data/lcls/drpsrcf/ffb/mfx/mfx101210926/xtc/mfx101210926-r0400-s005-c000.xtc2	80530636800	8053063680
B5_2x32	32	1	seq	/sdf/data/lcls/drpsrcf/ffb/mfx/mfx101210926/xtc/mfx101210926-r0400-s007-c000.xtc2	40265318400	8053063680
B5_2x32	33	1	seq	/sdf/data/lcls/drpsrcf/ffb/mfx/mfx101210926/xtc/mfx101210926-r0400-s006-c000.xtc2	128849018880	8053063680
B5_2x32	34	1	seq	/sdf/data/lcls/drpsrcf/ffb/mfx/mfx101210926/xtc/mfx101210926-r0400-s008-c000.xtc2	128849018880	8053063680
B5_2x32	35	1	seq	/sdf/data/lcls/drpsrcf/ffb/mfx/mfx101210926/xtc/mfx101210926-r0400-s009-c000.xtc2	128849018880	8053063680
B5_2x32	36	1	seq	/sdf/data/lcls/drpsrcf/ffb/mfx/mfx101210926/xtc/mfx101210926-r0400-s005-c000.xtc2	88583700480	8053063680
B5_2x32	37	1	seq	/sdf/data/lcls/drpsrcf/ffb/mfx/mfx101210926/xtc/mfx101210926-r0400-s007-c000.xtc2	48318382080	8053063680
B5_2x32	38	1	seq	/sdf/data/lcls/drpsrcf/ffb/mfx/mfx101210926/xtc/mfx101210926-r0400-s006-c000.xtc2	136902082560	8053063680
B5_2x32	39	1	seq	/sdf/data/lcls/drpsrcf/ffb/mfx/mfx101210926/xtc/mfx101210926-r0400-s008-c000.xtc2	136902082560	8053063680
B5_2x32	40	1	seq	/sdf/data/lcls/drpsrcf/ffb/mfx/mfx101210926/xtc/mfx101210926-r0400-s009-c000.xtc2	136902082560	8053063680
B5_2x32	41	1	seq	/sdf/data/lcls/drpsrcf/ffb/mfx/mfx101210926/xtc/mfx101210926-r0400-s005-c000.xtc2	96636764160	8053063680
B5_2x32	42	1	seq	/sdf/data/lcls/drpsrcf/ffb/mfx/mfx101210926/xtc/mfx101210926-r0400-s007-c000.xtc2	56371445760	8053063680
B5_2x32	43	1	seq	/sdf/data/lcls/drpsrcf/ffb/mfx/mfx101210926/xtc/mfx101210926-r0400-s006-c000.xtc2	144955146240	8053063680
B5_2x32	44	1	seq	/sdf/data/lcls/drpsrcf/ffb/mfx/mfx101210926/xtc/mfx101210926-r0400-s008-c000.xtc2	144955146240	8053063680
B5_2x32	45	1	seq	/sdf/data/lcls/drpsrcf/ffb/mfx/mfx101210926/xtc/mfx101210926-r0400-s009-c000.xtc2	144955146240	8053063680
B5_2x32	46	1	seq	/sdf/data/lcls/drpsrcf/ffb/mfx/mfx101210926/xtc/mfx101210926-r0400-s005-c000.xtc2	104689827840	8053063680
B5_2x32	47	1	seq	/sdf/data/lcls/drpsrcf/ffb/mfx/mfx101210926/xtc/mfx101210926-r0400-s007-c000.xtc2	64424509440	8053063680
B5_2x32	48	1	seq	/sdf/data/lcls/drpsrcf/ffb/mfx/mfx101210926/xtc/mfx101210926-r0400-s006-c000.xtc2	153008209920	8053063680
B5_2x32	49	1	seq	/sdf/data/lcls/drpsrcf/ffb/mfx/mfx101210926/xtc/mfx101210926-r0400-s008-c000.xtc2	153008209920	8053063680
B5_2x32	50	1	seq	/sdf/data/lcls/drpsrcf/ffb/mfx/mfx101210926/xtc/mfx101210926-r0400-s009-c000.xtc2	153008209920	8053063680
B5_2x32	51	1	seq	/sdf/data/lcls/drpsrcf/ffb/mfx/mfx101210926/xtc/mfx101210926-r0400-s005-c000.xtc2	112742891520	8053063680
B5_2x32	52	1	seq	/sdf/data/lcls/drpsrcf/ffb/mfx/mfx101210926/xtc/mfx101210926-r0400-s007-c000.xtc2	72477573120	8053063680
B5_2x32	53	1	seq	/sdf/data/lcls/drpsrcf/ffb/mfx/mfx101210926/xtc/mfx101210926-r0400-s006-c000.xtc2	161061273600	8053063680
B5_2x32	54	1	seq	/sdf/data/lcls/drpsrcf/ffb/mfx/mfx101210926/xtc/mfx101210926-r0400-s008-c000.xtc2	161061273600	8053063680
B5_2x32	55	1	seq	/sdf/data/lcls/drpsrcf/ffb/mfx/mfx101210926/xtc/mfx101210926-r0400-s009-c000.xtc2	161061273600	8053063680
B5_2x32	56	1	seq	/sdf/data/lcls/drpsrcf/ffb/mfx/mfx101210926/xtc/mfx101210926-r0400-s005-c000.xtc2	120795955200	8053063680
B5_2x32	57	1	seq	/sdf/data/lcls/drpsrcf/ffb/mfx/mfx101210926/xtc/mfx101210926-r0400-s007-c000.xtc2	80530636800	8053063680
B5_2x32	58	1	seq	/sdf/data/lcls/drpsrcf/ffb/mfx/mfx101210926/xtc/mfx101210926-r0400-s006-c000.xtc2	169114337280	8053063680
B5_2x32	59	1	seq	/sdf/data/lcls/drpsrcf/ffb/mfx/mfx101210926/xtc/mfx101210926-r0400-s008-c000.xtc2	169114337280	8053063680
B5_2x32	60	1	seq	/sdf/data/lcls/drpsrcf/ffb/mfx/mfx101210926/xtc/mfx101210926-r0400-s009-c000.xtc2	169114337280	8053063680
B5_2x32	61	1	seq	/sdf/data/lcls/drpsrcf/ffb/mfx/mfx101210926/xtc/mfx101210926-r0400-s005-c000.xtc2	128849018880	8053063680
B5_2x32	62	1	seq	/sdf/data/lcls/drpsrcf/ffb/mfx/mfx101210926/xtc/mfx101210926-r0400-s007-c000.xtc2	88583700480	8053063680
B5_2x32	63	1	seq	/sdf/data/lcls/drpsrcf/ffb/mfx/mfx101210926/xtc/mfx101210926-r0400-s006-c000.xtc2	177167400960	8053063680
